{"cameraMode":{"drawMode":0,"name":"Shaded","section":"Shading Mode"},"sceneLighting":false,"audioPlay":false,"sceneViewState":{"m_AlwaysRefresh":false,"showFog":false,"showSkybox":false,"showFlares":false,"showImageEffects":false,"showParticleSystems":false,"showVisualEffectGraphs":true,"m_FxEnabled":true},"in2DMode":false,"pivot":{"x":-0.021991096436977388,"y":0.06199353188276291,"z":-0.013726085424423218},"rotation":{"x":-0.0015858141705393792,"y":0.9954023957252502,"z":-0.09434626251459122,"w":-0.016729790717363359},"size":0.07735341787338257,"orthographic":false}