{"cameraMode":{"drawMode":0,"name":"Shaded","section":"Shading Mode"},"sceneLighting":false,"audioPlay":false,"sceneViewState":{"m_AlwaysRefresh":false,"showFog":true,"showSkybox":true,"showFlares":true,"showImageEffects":true,"showParticleSystems":true,"showVisualEffectGraphs":true,"m_FxEnabled":true},"in2DMode":false,"pivot":{"x":-0.40925711393356326,"y":-4.682088375091553,"z":35.601051330566409},"rotation":{"x":-0.11327682435512543,"y":-0.8627136945724487,"z":0.22212642431259156,"w":-0.4399593472480774},"size":0.9000231623649597,"orthographic":false}