{"cameraMode":{"drawMode":0,"name":"Shaded","section":"Shading Mode"},"sceneLighting":true,"audioPlay":false,"sceneViewState":{"m_AlwaysRefresh":false,"showFog":true,"showSkybox":true,"showFlares":true,"showImageEffects":true,"showParticleSystems":true,"showVisualEffectGraphs":true,"m_FxEnabled":true},"in2DMode":false,"pivot":{"x":1.3525316715240479,"y":3.1815097332000734,"z":-0.11794769763946533},"rotation":{"x":-0.002153809880837798,"y":-0.9972055554389954,"z":0.06831405311822891,"w":-0.0311249028891325},"size":2.021820068359375,"orthographic":false}