{"cameraMode":{"drawMode":0,"name":"Shaded","section":"Shading Mode"},"sceneLighting":false,"audioPlay":false,"sceneViewState":{"m_AlwaysRefresh":false,"showFog":true,"showSkybox":true,"showFlares":true,"showImageEffects":true,"showParticleSystems":true,"showVisualEffectGraphs":true,"m_FxEnabled":true},"in2DMode":false,"pivot":{"x":0.039085209369659427,"y":-4.891875743865967,"z":35.303009033203128},"rotation":{"x":0.09227578341960907,"y":0.8430915474891663,"z":-0.1534169614315033,"w":0.5070949792861939},"size":0.8660253882408142,"orthographic":false}