{"cameraMode":{"drawMode":0,"name":"Shaded","section":"Shading Mode"},"sceneLighting":true,"audioPlay":false,"sceneViewState":{"m_AlwaysRefresh":false,"showFog":true,"showSkybox":true,"showFlares":true,"showImageEffects":true,"showParticleSystems":true,"showVisualEffectGraphs":true,"m_FxEnabled":true},"in2DMode":false,"pivot":{"x":-0.20034924149513246,"y":1.0949724912643433,"z":-3.083251476287842},"rotation":{"x":-0.01325155608355999,"y":0.1907985508441925,"z":-0.0025749632623046638,"w":-0.9815483093261719},"size":1.2344410419464112,"orthographic":false}