{"cameraMode":{"drawMode":0,"name":"Shaded","section":"Shading Mode"},"sceneLighting":true,"audioPlay":false,"sceneViewState":{"m_AlwaysRefresh":false,"showFog":true,"showSkybox":true,"showFlares":true,"showImageEffects":true,"showParticleSystems":true,"showVisualEffectGraphs":true,"m_FxEnabled":true},"in2DMode":false,"pivot":{"x":1.54337739944458,"y":2.9882562160491945,"z":0.13323163986206056},"rotation":{"x":-0.007018472533673048,"y":-0.9915617108345032,"z":0.060457609593868259,"w":-0.11473800241947174},"size":5.3218207359313969,"orthographic":false}