{"cameraMode":{"drawMode":0,"name":"Shaded","section":"Shading Mode"},"sceneLighting":true,"audioPlay":false,"sceneViewState":{"m_AlwaysRefresh":false,"showFog":true,"showSkybox":true,"showFlares":true,"showImageEffects":true,"showParticleSystems":true,"showVisualEffectGraphs":true,"m_FxEnabled":true},"in2DMode":false,"pivot":{"x":2.9225735664367677,"y":1.9956468343734742,"z":-2.781944751739502},"rotation":{"x":0.09765894711017609,"y":-0.7429476380348206,"z":0.11114621162414551,"w":0.6527970433235169},"size":1.5402791500091553,"orthographic":false}