{"cameraMode":{"drawMode":0,"name":"Shaded","section":"Shading Mode"},"sceneLighting":true,"audioPlay":false,"sceneViewState":{"m_AlwaysRefresh":false,"showFog":true,"showSkybox":true,"showFlares":true,"showImageEffects":true,"showParticleSystems":true,"showVisualEffectGraphs":true,"m_FxEnabled":true},"in2DMode":false,"pivot":{"x":3.812692880630493,"y":-4.2201385498046879,"z":12.118416786193848},"rotation":{"x":-0.014729565009474755,"y":-0.9753239750862122,"z":0.20941245555877686,"w":-0.06858362257480622},"size":11.739716529846192,"orthographic":false}