{"cameraMode":{"drawMode":0,"name":"Shaded","section":"Shading Mode"},"sceneLighting":true,"audioPlay":false,"sceneViewState":{"m_AlwaysRefresh":false,"showFog":true,"showSkybox":true,"showFlares":true,"showImageEffects":true,"showParticleSystems":true,"showVisualEffectGraphs":true,"m_FxEnabled":true},"in2DMode":false,"pivot":{"x":0.10657155513763428,"y":-4.265067100524902,"z":36.19029998779297},"rotation":{"x":-0.29653772711753847,"y":-0.5817185044288635,"z":0.24013887345790864,"w":-0.7183396220207214},"size":0.9339744448661804,"orthographic":false}