{"cameraMode":{"drawMode":0,"name":"Shaded","section":"Shading Mode"},"sceneLighting":true,"audioPlay":false,"sceneViewState":{"m_AlwaysRefresh":false,"showFog":true,"showSkybox":true,"showFlares":true,"showImageEffects":true,"showParticleSystems":true,"showVisualEffectGraphs":true,"m_FxEnabled":true},"in2DMode":false,"pivot":{"x":-0.23067861795425416,"y":-9.769828796386719,"z":41.51237487792969},"rotation":{"x":-0.0038557006046175958,"y":0.9372201561927795,"z":0.010410233400762082,"w":0.3486173748970032},"size":0.40829479694366457,"orthographic":false}