{"cameraMode":{"drawMode":0,"name":"Shaded","section":"Shading Mode"},"sceneLighting":false,"audioPlay":false,"sceneViewState":{"m_AlwaysRefresh":false,"showFog":true,"showSkybox":false,"showFlares":true,"showImageEffects":true,"showParticleSystems":true,"showVisualEffectGraphs":true,"m_FxEnabled":true},"in2DMode":false,"pivot":{"x":0.013980552554130555,"y":-0.07214194536209107,"z":-0.07951900362968445},"rotation":{"x":-0.08832907676696778,"y":-0.888178288936615,"z":0.40787726640701296,"w":-0.19236746430397035},"size":0.47954899072647097,"orthographic":false}